1|Tura Novi Sad|Novi Sad|Srbija|Tura koja prolazi pored najvecih znamenitosti u Novom Sadu|srpski|11|16-May-22 00:00:00 AM|3|Image|Ended
2|Tura Novi Sad|Novi Sad|Srbija|Tura koja prolazi pored najvecih znamenitosti u Novom Sadu|srpski|25|23-Apr-22 00:00:00 AM|3|Image|Ended
3|Tura Novi Sad|Novi Sad|Srbija|Tura koja prolazi pored najvecih znamenitosti u Novom Sadu|srpski|25|28-Dec-22 00:00:00 AM|3|Image|Ended
4|Tura Novi Sad|Novi Sad|Srbija|Tura koja prolazi pored najvecih znamenitosti u Novom Sadu|srpski|25|18-Apr-22 00:00:00 AM|3|Image|Ended
5|Tura Rume|Srbija|Ruma|lepo|sprski|15|10-May-23 00:00:00 AM|5|url|Ended
6|aa|aa|aa|aa|srpski|10|17-May-23 00:00:00 AM|5|aa|Pending
7|ime|a|a|ruma|srpski|5|18-May-23 00:00:00 AM|10|url|Pending
8|aa|aa|aa|aa|srpski|10|18-May-23 00:00:00 AM|10|aa|Pending
9|aa|aa|aa|aa|srpski|5|19-May-23 00:00:00 AM|10|aa|Pending
10|aa|aa|aa|aa|srpski|10|19-May-23 00:00:00 AM|10|aa|Pending
11|aa|aa|aa|aa|srpski|10|25-May-23 00:00:00 AM|10|aa|Pending
12|Tura Novi Sad|Novi Sad|Srbija|Tura koja prolazi pored najvecih znamenitosti u Novom Sadu|srpski|11|16-May-22 00:00:00 AM|3|Image|Ended
13|Tura Novi Sad|Novi Sad|Srbija|Tura koja prolazi pored najvecih znamenitosti u Novom Sadu|srpski|25|23-Apr-22 00:00:00 AM|3|Image|Ended
14|Tura Novi Sad|Novi Sad|Srbija|Tura koja prolazi pored najvecih znamenitosti u Novom Sadu|srpski|25|28-Dec-22 00:00:00 AM|3|Image|Ended
15|Tura Novi Sad|Novi Sad|Srbija|Tura koja prolazi pored najvecih znamenitosti u Novom Sadu|srpski|25|18-Apr-22 00:00:00 AM|3|Image|Ended
16|Tura Novi Sad|Novi Sad|Srbija|Tura koja prolazi pored najvecih znamenitosti u Novom Sadu|srpski|11|16-May-22 00:00:00 AM|3|Image|Ended
17|Tura Novi Sad|Novi Sad|Srbija|Tura koja prolazi pored najvecih znamenitosti u Novom Sadu|srpski|25|23-Apr-22 00:00:00 AM|3|Image|Ended
18|Tura Novi Sad|Novi Sad|Srbija|Tura koja prolazi pored najvecih znamenitosti u Novom Sadu|srpski|25|28-Dec-22 00:00:00 AM|3|Image|Ended
19|Tura Novi Sad|Novi Sad|Srbija|Tura koja prolazi pored najvecih znamenitosti u Novom Sadu|srpski|25|18-Apr-22 00:00:00 AM|3|Image|Ended
20|Tura Novi Sad|Novi Sad|Srbija|Tura koja prolazi pored najvecih znamenitosti u Novom Sadu|srpski|11|16-May-22 00:00:00 AM|3|Image|Ended
