1|Pera|pera123|owner|False|0|05/18/2023 06:57:39 PM
3|Ftn|ftn123|guide|False|0|05/18/2023 06:57:39 PM
4|Guest2|guest2123|guest2|False|0|05/18/2023 06:57:39 PM
5|Ivana|ivana123|guest1|False|0|05/18/2023 06:57:39 PM
6|Milos|milos123|guest1|False|0|05/18/2023 06:57:39 PM
7|Dunja|dunja123|guest1|False|0|05/18/2023 06:57:39 PM
8|Ivana|ivana123|guest1|False|0|05/18/2023 06:57:39 PM
9|Jelena|jelena123|guest1|False|0|05/18/2023 06:57:39 PM
10|Milan|milan123|guest1|False|0|05/18/2023 06:57:39 PM
2|Zika|zika123|guest1|True|5|05/19/2023 02:15:24 PM
