1|Voucher for a free tour|01-Jan-24 00:00:00 AM|2|4
2|Voucher for a free tour|05-Jun-23 00:00:00 AM|2|4
3|Voucher for a free tour|15-Sep-23 00:00:00 AM|2|4
4|Vaucer za otkazanu turu.|01-Jan-2 00:00:00 AM|0|1
5|Vaucer za otkazanu turu.|01-Jan-2 00:00:00 AM|0|1
6|Vaucer za otkazanu turu.|01-Jan-2 00:00:00 AM|0|4
7|Vaucer za otkazanu turu.|01-Jan-2 00:00:00 AM|0|1
8|Vaucer za otkazanu turu.|01-Jan-2 00:00:00 AM|0|4
9|Vaucer za otkazanu turu.|01-Jan-2 00:00:00 AM|0|1
10|Vaucer za otkazanu turu.|01-Jan-2 00:00:00 AM|0|4
11|Vaucer za otkazanu turu.|01-Jan-2 00:00:00 AM|0|1
12|Vaucer za otkazanu turu.|01-Jan-2 00:00:00 AM|0|4
13|Vaucer za otkazanu turu.|01-Jan-2 00:00:00 AM|0|1
14|Vaucer za otkazanu turu.|01-Jan-2 00:00:00 AM|0|4
15|Vaucer za otkazanu turu.|01-Jan-2 00:00:00 AM|0|1
16|Vaucer za otkazanu turu.|01-Jan-2 00:00:00 AM|0|4
17|Vaucer za otkazanu turu.|01-Jan-2 00:00:00 AM|0|1
18|Vaucer za otkazanu turu.|01-Jan-2 00:00:00 AM|0|4
19|Vaucer za otkazanu turu.|01-Jan-2 00:00:00 AM|0|1
20|Vaucer za otkazanu turu.|01-Jan-2 00:00:00 AM|0|4
21|Vaucer za otkazanu turu.|01-Jan-2 00:00:00 AM|0|1
22|Vaucer za otkazanu turu.|01-Jan-2 00:00:00 AM|0|4
23|Vaucer za otkazanu turu.|01-Jan-2 00:00:00 AM|0|1
24|Vaucer za otkazanu turu.|01-Jan-2 00:00:00 AM|0|4
25|Vaucer za otkazanu turu.|01-Jan-2 00:00:00 AM|0|1
26|Vaucer za otkazanu turu.|01-Jan-2 00:00:00 AM|0|4
27|Vaucer za otkazanu turu.|01-Jan-2 00:00:00 AM|0|1
28|Vaucer za otkazanu turu.|01-Jan-2 00:00:00 AM|0|4
29|Vaucer za otkazanu turu.|01-Jan-2 00:00:00 AM|0|1
30|Vaucer za otkazanu turu.|01-Jan-2 00:00:00 AM|0|4
31|Vaucer za otkazanu turu.|01-Jan-2 00:00:00 AM|0|1
32|Vaucer za otkazanu turu.|01-Jan-2 00:00:00 AM|0|4
